Id,Name,CountryCode,Age
301,Mark,USA,20
302,James,USA,25
303,Smith,USA,26
304,Max,USA,32
305,Jhon,UK,35
306,Putin,RUS,42
307,David,RUS,48
308,Henry,RUS,28
309,Mahesh,IND,45
310,Srinivas,IND,52
311,Nagu,USA,25
312,Ravinder,USA,50
313,chiru,USA,58
314,sachin,UK,50
315,madan,NZ,25
316,Ravi,NZ,30
317,Nayak,AUS,22
318,Kalyan,AUS,21
319,Swaroop,AUS,44
320,krishna,AUS,28
321,surya,CA,23
322,Axel,FN,25
323,Fred,IND,50
324,Michel,IND,58
325,Max,USA,34
326,Frank,UK,27
327,Nick,UK,43
328,Biber,IND,22
329,Clerk,SL,50
330,Frank,BR,25
331,Ramesh,IND,30
332,Venkat,SA,22
333,Srinivas,SW,21
334,Nagu,SW,44
335,Ravinder,SA,28
336,Nick,WI,23
337,Biber,IND,25
338,Clerk,USA,50
339,Frank,UK,58
340,Ramesh,IND,34
341,Venkat,USA,27
342,Srinivas,UK,43
343,Nagu,UK,33
344,Ravinder,IND,50
345,chiru,SL,25
346,sachin,BR,30
347,madan,IND,22
348,Ravi,SA,21
349,Nayak,SW,44
350,Kalyan,SW,28
351,Srinivas,SA,23
352,Nagu,WI,25
353,Ravinder,IND,50
354,chiru,USA,58
355,sachin,UK,50
356,madan,IND,25
357,Ravi,USA,30
358,Nayak,UK,22
359,Kalyan,UK,21
360,Nick,IND,44
361,Biber,SL,28
362,Clerk,BR,23
363,Frank,IND,25
364,Ramesh,SA,50
365,madan,SW,58
366,Ravi,SW,34
367,Nayak,SA,27
368,Kalyan,WI,43
369,Srinivas,IND,44
370,Nagu,USA,28
371,Ravinder,UK,23
372,chiru,IND,25
373,sachin,USA,50
374,madan,UK,58
375,Ravi,UK,34
376,Nayak,IND,27
377,Kalyan,SL,43
378,Nick,BR,25
379,Biber,IND,50
380,Clerk,SA,58
381,Frank,SW,34
382,Ramesh,SW,49
383,madan,SA,31
384,Ravi,WI,41
385,Nayak,IND,50
386,Kalyan,USA,25
387,Srinivas,UK,30
388,Nagu,IND,22
389,Ravinder,USA,21
390,chiru,UK,44
391,sachin,UK,28
392,madan,IND,23
393,Ravi,SL,25
394,Nayak,BR,50
395,Kalyan,IND,58
396,Nick,SA,34
397,Biber,SW,27
398,Clerk,SW,43
399,Frank,SA,25
400,Ramesh,WI,50
401,madan,IND,58
402,Ravi,USA,50
403,Nayak,UK,25
404,Kalyan,IND,30
405,Srinivas,USA,22
406,Nagu,UK,21
407,Ravinder,UK,44
408,chiru,IND,28
409,sachin,SL,23
410,madan,BR,25
411,Ravi,IND,50
412,Nayak,SA,58
413,Kalyan,SW,34
414,Nick,SW,27
415,Biber,SA,43
416,Clerk,WI,22
417,Frank,UK,50
418,Ramesh,USA,25
419,madan,UK,30
420,Ravi,IND,22
